"https://api.io.canada.ca/io-server/gc/news/en/v2?dept=youth&sort=publishedDate&orderBy=desc&publishedDate%3E=2021-10-25&pick=100&format=atom&atomtitle=Youth",
"https://api.io.canada.ca/io-server/gc/news/en/v2?dept=westerneconomicdiversification&sort=publishedDate&orderBy=desc&publishedDate%3E=2021-07-23&pick=50&format=atom&atomtitle=Western%20Economic%20Diversification%20Canada",
"https://api.io.canada.ca/io-server/gc/news/en/v2?dept=veteransaffairscanada&sort=publishedDate&orderBy=desc&publishedDate%3E=2021-07-23&pick=50&format=atom&atomtitle=Veterans%20Affairs%20Canada",
"https://api.io.canada.ca/io-server/gc/news/en/v2?dept=treasuryboardsecretariat&sort=publishedDate&orderBy=desc&publishedDate%3E=2021-07-23&pick=50&format=atom&atomtitle=Treasury%20Board%20of%20Canada%20Secretariat",
"https://api.io.canada.ca/io-server/gc/news/en/v2?dept=transportationagency&sort=publishedDate&orderBy=desc&publishedDate%3E=2021-07-23&pick=50&format=atom&atomtitle=Canadian%20Transportation%20Agency",
"https://api.io.canada.ca/io-server/gc/news/en/v2?dept=taxpayersombudsman&sort=publishedDate&orderBy=desc&publishedDate%3E=2021-07-23&pick=50&format=atom&atomtitle=Office%20of%20the%20Taxpayers%27%20Ombudsman",
"https://api.io.canada.ca/io-server/gc/news/en/v2?dept=statuswomen&sort=publishedDate&orderBy=desc&publishedDate%3E=2021-10-25&pick=100&format=atom&atomtitle=Women%20and%20Gender%20Equality%20Canada",
"https://api.io.canada.ca/io-server/gc/news/en/v2?dept=specialoperationsforcescommand&sort=publishedDate&orderBy=desc&publishedDate%3E=2021-10-25&pick=100&format=atom&atomtitle=Canadian%20Special%20Operations%20Forces%20Command",
"https://api.io.canada.ca/io-server/gc/news/en/v2?dept=spaceagency&sort=publishedDate&orderBy=desc&publishedDate%3E=2021-07-23&pick=50&format=atom&atomtitle=Canadian%20Space%20Agency",
"https://api.io.canada.ca/io-server/gc/news/en/v2?dept=socialscienceshumanitiesresearch&sort=publishedDate&orderBy=desc&publishedDate%3E=2021-07-23&pick=50&format=atom&atomtitle=Social%20Sciences%20and%20Humanities%20Research%20Council",
"https://api.io.canada.ca/io-server/gc/news/en/v2?dept=sharedservices&sort=publishedDate&orderBy=desc&publishedDate%3E=2021-07-23&pick=50&format=atom&atomtitle=Shared%20Services%20Canada",
"https://api.io.canada.ca/io-server/gc/news/en/v2?dept=sciencesengineeringresearch&sort=publishedDate&orderBy=desc&publishedDate%3E=2021-07-23&pick=50&format=atom&atomtitle=Natural%20Sciences%20and%20Engineering%20Research%20Council%20of%20Canada",
"https://api.io.canada.ca/io-server/gc/news/en/v2?dept=schoolpublicservice&sort=publishedDate&orderBy=desc&publishedDate%3E=2021-07-23&pick=50&format=atom&atomtitle=Canada%20School%20of%20Public%20Service",
"https://api.io.canada.ca/io-server/gc/news/en/v2?dept=royalmountedpolice&sort=publishedDate&orderBy=desc&publishedDate%3E=2021-07-23&pick=50&format=atom&atomtitle=Royal%20Canadian%20Mounted%20Police",
"https://api.io.canada.ca/io-server/gc/news/en/v2?dept=revenueagency&sort=publishedDate&orderBy=desc&publishedDate%3E=2021-07-23&pick=50&format=atom&atomtitle=Canada%20Revenue%20Agency",
"https://api.io.canada.ca/io-server/gc/news/en/v2?dept=researchchairs&sort=publishedDate&orderBy=desc&publishedDate%3E=2021-10-25&pick=100&format=atom&atomtitle=Canada%20Research%20Chairs",
"https://api.io.canada.ca/io-server/gc/news/en/v2?dept=publicservicecommission&sort=publishedDate&orderBy=desc&publishedDate%3E=2021-07-23&pick=50&format=atom&atomtitle=Public%20Service%20Commission",
"https://api.io.canada.ca/io-server/gc/news/en/v2?dept=publicsafetycanada&sort=publishedDate&orderBy=desc&publishedDate%3E=2021-07-23&pick=50&format=atom&atomtitle=Public%20Safety%20Canada",
"https://api.io.canada.ca/io-server/gc/news/en/v2?dept=publichealthagencyofcanada&sort=publishedDate&orderBy=desc&publishedDate%3E=2021-07-23&pick=50&format=atom&atomtitle=Public%20Health%20Agency%20of%20Canada",
"https://api.io.canada.ca/io-server/gc/news/en/v2?dept=procurementombudsman&sort=publishedDate&orderBy=desc&publishedDate%3E=2021-10-25&pick=100&format=atom&atomtitle=Office%20of%20the%20Procurement%20Ombud",
"https://api.io.canada.ca/io-server/gc/news/en/v2?dept=privycouncil&sort=publishedDate&orderBy=desc&publishedDate%3E=2021-07-23&pick=50&format=atom&atomtitle=Privy%20Council%20Office",
"https://api.io.canada.ca/io-server/gc/news/en/v2?dept=prairieseconomicdevelopment&sort=publishedDate&orderBy=desc&publishedDate%3E=2021-10-25&pick=100&format=atom&atomtitle=Prairies%20Economic%20Development%20Canada",
"https://api.io.canada.ca/io-server/gc/news/en/v2?dept=polarknowledge&sort=publishedDate&orderBy=desc&publishedDate%3E=2021-07-23&pick=50&format=atom&atomtitle=Polar%20Knowledge%20Canada",
"https://api.io.canada.ca/io-server/gc/news/en/v2?dept=patentedmedicinepricesreviewboard&sort=publishedDate&orderBy=desc&publishedDate%3E=2021-07-23&pick=50&format=atom&atomtitle=Patented%20Medicine%20Prices%20Review%20Board",
"https://api.io.canada.ca/io-server/gc/news/en/v2?dept=paroleboard&sort=publishedDate&orderBy=desc&publishedDate%3E=2021-07-23&pick=50&format=atom&atomtitle=Parole%20Board%20of%20Canada",
"https://api.io.canada.ca/io-server/gc/news/en/v2?dept=parkscanada&sort=publishedDate&orderBy=desc&publishedDate%3E=2021-07-23&pick=50&format=atom&atomtitle=Parks%20Canada",
"https://api.io.canada.ca/io-server/gc/news/en/v2?dept=pacificeconomicdevelopment&sort=publishedDate&orderBy=desc&publishedDate%3E=2021-10-25&pick=100&format=atom&atomtitle=Pacific%20Economic%20Development%20Canada",
"https://api.io.canada.ca/io-server/gc/news/en/v2?dept=onecanadianeconomy&sort=publishedDate&orderBy=desc&publishedDate%3E=2021-10-25&pick=100&format=atom&atomtitle=One%20Canadian%20Economy%20",
"https://api.io.canada.ca/io-server/gc/news/en/v2?dept=officeofthecorrectionalinvestigatorofcanada&sort=publishedDate&orderBy=desc&publishedDate%3E=2021-07-23&pick=50&format=atom&atomtitle=Office%20of%20the%20Correctional%20Investigator",
"https://api.io.canada.ca/io-server/gc/news/en/v2?dept=officeofthechiefaccessibilityofficer&sort=publishedDate&orderBy=desc&publishedDate%3E=2021-07-23&pick=50&format=atom&atomtitle=Office%20of%20the%20Chief%20Accessibility%20Officer",
"https://api.io.canada.ca/io-server/gc/news/en/v2?dept=officeinfrastructure&sort=publishedDate&orderBy=desc&publishedDate%3E=2021-07-23&pick=50&format=atom&atomtitle=Infrastructure%20Canada",
"https://api.io.canada.ca/io-server/gc/news/en/v2?dept=naturalresourcescanada&sort=publishedDate&orderBy=desc&publishedDate%3E=2021-07-23&pick=50&format=atom&atomtitle=Natural%20Resources%20Canada",
"https://api.io.canada.ca/io-server/gc/news/en/v2?dept=nationalresearchcouncil&sort=publishedDate&orderBy=desc&publishedDate%3E=2021-07-23&pick=50&format=atom&atomtitle=National%20Research%20Council%20Canada",
"https://api.io.canada.ca/io-server/gc/news/en/v2?dept=nationalfilmboard&sort=publishedDate&orderBy=desc&publishedDate%3E=2021-07-23&pick=50&format=atom&atomtitle=National%20Film%20Board",
"https://api.io.canada.ca/io-server/gc/news/en/v2?dept=nationalenergyboard&sort=publishedDate&orderBy=desc&publishedDate%3E=2021-10-25&pick=100&format=atom&atomtitle=Canada%20Energy%20Regulator",
"https://api.io.canada.ca/io-server/gc/news/en/v2?dept=nationalbattlefieldscommission&sort=publishedDate&orderBy=desc&publishedDate%3E=2021-07-23&pick=50&format=atom&atomtitle=National%20Battlefields%20Commission",
"https://api.io.canada.ca/io-server/gc/news/en/v2?dept=militarypolicecomplaints&sort=publishedDate&orderBy=desc&publishedDate%3E=2021-07-23&pick=50&format=atom&atomtitle=Military%20Police%20Complaints%20Commission%20of%20Canada",
"https://api.io.canada.ca/io-server/gc/news/en/v2?dept=libraryarchives&sort=publishedDate&orderBy=desc&publishedDate%3E=2021-07-23&pick=50&format=atom&atomtitle=Library%20and%20Archives%20Canada",
"https://api.io.canada.ca/io-server/gc/news/en/v2?dept=lawcommissionofcanada&sort=publishedDate&orderBy=desc&publishedDate%3E=2021-07-23&pick=50&format=atom&atomtitle=Leader%20of%20the%20Government%20in%20the%20House%20of%20Commons",
"https://api.io.canada.ca/io-server/gc/news/en/v2?dept=judicialcompensationandbenefitscommission&sort=publishedDate&orderBy=desc&publishedDate%3E=2021-07-23&pick=50&format=atom&atomtitle=Judicial%20Compensation%20and%20Benefits%20Commission",
"https://api.io.canada.ca/io-server/gc/news/en/v2?dept=intergovernmentalaffairs&sort=publishedDate&orderBy=desc&publishedDate%3E=2021-10-25&pick=100&format=atom&atomtitle=Intergovernmental%20Affairs",
"https://api.io.canada.ca/io-server/gc/news/en/v2?dept=intellectualpropertyoffice&sort=publishedDate&orderBy=desc&publishedDate%3E=2021-07-23&pick=50&format=atom&atomtitle=Canadian%20Intellectual%20Property%20Office",
"https://api.io.canada.ca/io-server/gc/news/en/v2?dept=instituteshealthresearch&sort=publishedDate&orderBy=desc&publishedDate%3E=2021-07-23&pick=50&format=atom&atomtitle=Canadian%20Institutes%20of%20Health%20Research",
"https://api.io.canada.ca/io-server/gc/news/en/v2?dept=indigenousservicescanada&sort=publishedDate&orderBy=desc&publishedDate%3E=2021-07-23&pick=50&format=atom&atomtitle=Indigenous%20Services%20Canada",
"https://api.io.canada.ca/io-server/gc/news/en/v2?dept=impactassessmentagency&sort=publishedDate&orderBy=desc&publishedDate%3E=2021-07-23&pick=50&format=atom&atomtitle=Impact%20Assessment%20Agency%20of%20Canada",
"https://api.io.canada.ca/io-server/gc/news/en/v2?dept=immigrationrefugee&sort=publishedDate&orderBy=desc&publishedDate%3E=2021-07-23&pick=50&format=atom&atomtitle=Immigration%20and%20Refugee%20Board%20of%20Canada",
"https://api.io.canada.ca/io-server/gc/news/en/v2?dept=graincommission&sort=publishedDate&orderBy=desc&publishedDate%3E=2021-07-23&pick=50&format=atom&atomtitle=Canadian%20Grain%20Commission",
"https://api.io.canada.ca/io-server/gc/news/en/v2?dept=governmenthouseleader&sort=publishedDate&orderBy=desc&publishedDate%3E=2021-07-23&pick=50&format=atom&atomtitle=Leader%20of%20the%20Government%20in%20the%20House%20of%20Commons",
"https://api.io.canada.ca/io-server/gc/news/en/v2?dept=foodinspectionagency&sort=publishedDate&orderBy=desc&publishedDate%3E=2021-07-23&pick=50&format=atom&atomtitle=Canadian%20Food%20Inspection%20Agency",
"https://api.io.canada.ca/io-server/gc/news/en/v2?dept=fisheriesoceans&sort=publishedDate&orderBy=desc&publishedDate%3E=2021-07-23&pick=50&format=atom&atomtitle=Fisheries%20and%20Oceans%20Canada",
"https://api.io.canada.ca/io-server/gc/news/en/v2?dept=financialtransactionsreportsanalysis&sort=publishedDate&orderBy=desc&publishedDate%3E=2021-07-23&pick=50&format=atom&atomtitle=Financial%20Transactions%20and%20Reports%20Analysis%20Centre%20of%20Canada",
"https://api.io.canada.ca/io-server/gc/news/en/v2?dept=financialconsumeragency&sort=publishedDate&orderBy=desc&publishedDate%3E=2021-07-23&pick=50&format=atom&atomtitle=Financial%20Consumer%20Agency%20of%20Canada",
"https://api.io.canada.ca/io-server/gc/news/en/v2?dept=fednor&sort=publishedDate&orderBy=desc&publishedDate%3E=2021-07-23&pick=50&format=atom&atomtitle=FedNor",
"https://api.io.canada.ca/io-server/gc/news/en/v2?dept=economicdevelopmentsouthernontario&sort=publishedDate&orderBy=desc&publishedDate%3E=2021-07-23&pick=50&format=atom&atomtitle=Federal%20Economic%20Development%20Agency%20for%20Southern%20Ontario",
"https://api.io.canada.ca/io-server/gc/news/en/v2?dept=economicdevelopmentquebecregions&sort=publishedDate&orderBy=desc&publishedDate%3E=2021-07-23&pick=50&format=atom&atomtitle=Canada%20Economic%20Development%20for%20Quebec%20Regions",
"https://api.io.canada.ca/io-server/gc/news/en/v2?dept=departmentoftransport&sort=publishedDate&orderBy=desc&publishedDate%3E=2021-07-23&pick=50&format=atom&atomtitle=Transport%20Canada",
"https://api.io.canada.ca/io-server/gc/news/en/v2?dept=departmentoftheenvironment&sort=publishedDate&orderBy=desc&publishedDate%3E=2021-07-23&pick=50&format=atom&atomtitle=Environment%20and%20Climate%20Change%20Canada",
"https://api.io.canada.ca/io-server/gc/news/en/v2?dept=departmentofpublicworksandgovernmentservices&sort=publishedDate&orderBy=desc&publishedDate%3E=2021-07-23&pick=50&format=atom&atomtitle=Public%20Services%20and%20Procurement%20Canada",
"https://api.io.canada.ca/io-server/gc/news/en/v2?dept=departmentofindustry&sort=publishedDate&orderBy=desc&publishedDate%3E=2021-07-23&pick=50&format=atom&atomtitle=Innovation,%20Science%20and%20Economic%20Development%20Canada",
"https://api.io.canada.ca/io-server/gc/news/en/v2?dept=departmentofhealth&sort=publishedDate&orderBy=desc&publishedDate%3E=2021-07-23&pick=50&format=atom&atomtitle=Health%20Canada",
"https://api.io.canada.ca/io-server/gc/news/en/v2?dept=departmentofforeignaffairstradeanddevelopment&sort=publishedDate&orderBy=desc&publishedDate%3E=2021-07-23&pick=50&format=atom&atomtitle=Global%20Affairs%20Canada",
"https://api.io.canada.ca/io-server/gc/news/en/v2?dept=departmentofemploymentandsocialdevelopment&sort=publishedDate&orderBy=desc&publishedDate%3E=2021-07-23&pick=50&format=atom&atomtitle=Employment%20and%20Social%20Development%20Canada",
"https://api.io.canada.ca/io-server/gc/news/en/v2?dept=departmentofcitizenshipandimmigration&sort=publishedDate&orderBy=desc&publishedDate%3E=2021-07-23&pick=50&format=atom&atomtitle=Immigration,%20Refugees%20and%20Citizenship%20Canada",
"https://api.io.canada.ca/io-server/gc/news/en/v2?dept=departmentnationaldefense&sort=publishedDate&orderBy=desc&publishedDate%3E=2021-10-25&pick=100&format=atom&atomtitle=National%20Defence",
"https://api.io.canada.ca/io-server/gc/news/en/v2?dept=departmentjustice&sort=publishedDate&orderBy=desc&publishedDate%3E=2021-07-23&pick=50&format=atom&atomtitle=Department%20of%20Justice%20Canada",
"https://api.io.canada.ca/io-server/gc/news/en/v2?dept=departmentfinance&sort=publishedDate&orderBy=desc&publishedDate%3E=2021-07-23&pick=50&format=atom&atomtitle=Department%20of%20Finance%20Canada",
"https://api.io.canada.ca/io-server/gc/news/en/v2?dept=democraticinstitutions&sort=publishedDate&orderBy=desc&publishedDate%3E=2021-07-23&pick=50&format=atom&atomtitle=Democratic%20Institutions",
"https://api.io.canada.ca/io-server/gc/news/en/v2?dept=crownindigenousrelationsandnorthernaffairscanada&sort=publishedDate&orderBy=desc&publishedDate%3E=2021-10-25&pick=100&format=atom&atomtitle=Crown-Indigenous%20Relations%20and%20Northern%20Affairs%20Canada",
"https://api.io.canada.ca/io-server/gc/news/en/v2?dept=crownindigenousrelationsandnorthernaffairscanada&sort=publishedDate&orderBy=desc&publishedDate%3E=2021-07-23&pick=50&format=atom&atomtitle=Indigenous%20and%20Northern%20Affairs%20Canada",
"https://api.io.canada.ca/io-server/gc/news/en/v2?dept=correctionalservice&sort=publishedDate&orderBy=desc&publishedDate%3E=2021-07-23&pick=50&format=atom&atomtitle=Correctional%20Service%20of%20Canada",
"https://api.io.canada.ca/io-server/gc/news/en/v2?dept=conservationinstitute&sort=publishedDate&orderBy=desc&publishedDate%3E=2021-10-25&pick=100&format=atom&atomtitle=Canadian%20Conservation%20Institute",
"https://api.io.canada.ca/io-server/gc/news/en/v2?dept=competitionbureau&sort=publishedDate&orderBy=desc&publishedDate%3E=2021-07-23&pick=50&format=atom&atomtitle=Competition%20Bureau%20Canada",
"https://api.io.canada.ca/io-server/gc/news/en/v2?dept=communicationssecurity&sort=publishedDate&orderBy=desc&publishedDate%3E=2021-07-23&pick=50&format=atom&atomtitle=Communications%20Security%20Establishment",
"https://api.io.canada.ca/io-server/gc/news/en/v2?dept=canadiantransportationaccidentinvestigationandsafetyboard&sort=publishedDate&orderBy=desc&publishedDate%3E=2021-07-23&pick=50&format=atom&atomtitle=Transportation%20Safety%20Board%20of%20Canada",
"https://api.io.canada.ca/io-server/gc/news/en/v2?dept=canadiansecurityintelligenceservice&sort=publishedDate&orderBy=desc&publishedDate%3E=2021-07-23&pick=50&format=atom&atomtitle=Canadian%20Security%20Intelligence%20Service",
"https://api.io.canada.ca/io-server/gc/news/en/v2?dept=canadianradiotelevisionandtelecommunicationscommission&sort=publishedDate&orderBy=desc&publishedDate%3E=2021-07-23&pick=50&format=atom&atomtitle=Canadian%20Radio-television%20and%20Telecommunications%20Commission",
"https://api.io.canada.ca/io-server/gc/news/en/v2?dept=canadiannuclearsafetycommission&sort=publishedDate&orderBy=desc&publishedDate%3E=2021-07-23&pick=50&format=atom&atomtitle=Canadian%20Nuclear%20Safety%20Commission",
"https://api.io.canada.ca/io-server/gc/news/en/v2?dept=canadiannortherneconomicdevelopmentagency&sort=publishedDate&orderBy=desc&publishedDate%3E=2021-07-23&pick=50&format=atom&atomtitle=Canadian%20Northern%20Economic%20Development%20Agency",
"https://api.io.canada.ca/io-server/gc/news/en/v2?dept=canadianinternationaltradetribunal&sort=publishedDate&orderBy=desc&publishedDate%3E=2021-07-23&pick=50&format=atom&atomtitle=Canadian%20International%20Trade%20Tribunal",
"https://api.io.canada.ca/io-server/gc/news/en/v2?dept=canadianheritage&sort=publishedDate&orderBy=desc&publishedDate%3E=2021-07-23&pick=50&format=atom&atomtitle=Canadian%20Heritage",
"https://api.io.canada.ca/io-server/gc/news/en/v2?dept=canadiancoastguard&sort=publishedDate&orderBy=desc&publishedDate%3E=2021-07-23&pick=50&format=atom&atomtitle=Canadian%20Coast%20Guard",
"https://api.io.canada.ca/io-server/gc/news/en/v2?dept=canadiancentreforoccupationalhealthandsafety&sort=publishedDate&orderBy=desc&publishedDate%3E=2021-07-23&pick=50&format=atom&atomtitle=Canadian%20Centre%20for%20Occupational%20Health%20and%20Safety",
"https://api.io.canada.ca/io-server/gc/news/en/v2?dept=canadianaccessibilitystandardsdevelopmentorganization&sort=publishedDate&orderBy=desc&publishedDate%3E=2021-10-25&pick=100&format=atom&atomtitle=Accessibility%20Standards%20Canada",
"https://api.io.canada.ca/io-server/gc/news/en/v2?dept=canadaresearchcoordinatingcommittee&sort=publishedDate&orderBy=desc&publishedDate%3E=2021-10-25&pick=100&format=atom&atomtitle=Canada%20Research%20Coordinating%20Committee",
"https://api.io.canada.ca/io-server/gc/news/en/v2?dept=canadainfrastructurebank&sort=publishedDate&orderBy=desc&publishedDate%3E=2021-10-25&pick=100&format=atom&atomtitle=Canada%20Infrastructure%20Bank",
"https://api.io.canada.ca/io-server/gc/news/en/v2?dept=canadaborderservicesagency&sort=publishedDate&orderBy=desc&publishedDate%3E=2021-07-23&pick=50&format=atom&atomtitle=Canada%20Border%20Services%20Agency",
"https://api.io.canada.ca/io-server/gc/news/en/v2?dept=atlanticcanadaopportunities&sort=publishedDate&orderBy=desc&publishedDate%3E=2021-0-23&pick=50&format=atom&atomtitle=Atlantic%20Canada%20Opportunities%20Agency",
"https://api.io.canada.ca/io-server/gc/news/en/v2?dept=agricultureagrifood&sort=publishedDate&orderBy=desc&publishedDate%3E=2021-07-23&pick=50&format=atom&atomtitle=Agriculture%20and%20Agri-Food%20Canada",
